<?xml version="1.0" encoding="UTF-8"?>
<metadata xml:lang="en"><Esri><CreaDate>20150416</CreaDate><CreaTime>16215400</CreaTime><ArcGISFormat>1.0</ArcGISFormat><SyncOnce>TRUE</SyncOnce><DataProperties><lineage><Process ToolSource="C:\Program Files\ArcGIS\Desktop10.0\ArcToolbox\Toolboxes\Data Management Tools.tbx\DeleteField" Date="20130128" Time="090418">DeleteField UgandaPOP11 F6;F7;F8;F9;F10;F11</Process><Process ToolSource="C:\Program Files\ArcGIS\Desktop10.0\ArcToolbox\Toolboxes\Data Management Tools.tbx\AddField" Date="20130128" Time="090430">AddField UgandaPOP11 ADMINID LONG # # # # NON_NULLABLE NON_REQUIRED #</Process><Process ToolSource="C:\Program Files\ArcGIS\Desktop10.0\ArcToolbox\Toolboxes\Data Management Tools.tbx\AddField" Date="20130128" Time="090441">AddField UgandaPOP11 ADMINPOP LONG # # # # NON_NULLABLE NON_REQUIRED #</Process><Process ToolSource="C:\Program Files\ArcGIS\Desktop10.0\ArcToolbox\Toolboxes\Data Management Tools.tbx\AddField" Date="20130128" Time="090451">AddField UgandaPOP11 YEARPOP LONG # # # # NON_NULLABLE NON_REQUIRED #</Process><Process ToolSource="C:\Program Files\ArcGIS\Desktop10.0\ArcToolbox\Toolboxes\Data Management Tools.tbx\CalculateField" Date="20130128" Time="090547">CalculateField UgandaPOP11 ADMINID "[FID] +1" VB #</Process><Process ToolSource="C:\Program Files\ArcGIS\Desktop10.0\ArcToolbox\Toolboxes\Data Management Tools.tbx\CalculateField" Date="20130128" Time="090603">CalculateField UgandaPOP11 ADMINPOP [PROJ11] VB #</Process><Process ToolSource="C:\Program Files\ArcGIS\Desktop10.0\ArcToolbox\Toolboxes\Data Management Tools.tbx\CalculateField" Date="20130128" Time="090617">CalculateField UgandaPOP11 YEARPOP 2011 VB #</Process></lineage><itemProps><itemLocation><linkage Sync="TRUE">file://\\CATHERINE-HP\D$\APMAPS\admin\adminpop2</linkage><protocol Sync="TRUE">Local Area Network</protocol></itemLocation></itemProps><copyHistory><copy source="D:\APMAPS\UGA\adminpop2" dest="\\CATHERINE-HP\D$\APMAPS\admin\adminpop2" date="20150416" time="16215400"></copy></copyHistory></DataProperties></Esri></metadata>
